City_ID,City,Country,Lat,Lng,Max Temp,Humidity,Cloudiness,Wind Speed,Current Description
0,Namibe,AO,-15.1961,12.1522,61.38,90,54,8.57,broken clouds
1,Provideniya,RU,64.3833,-173.3,48.36,100,100,8.99,overcast clouds
2,Albany,US,42.6001,-73.9662,81.68,53,83,9.35,broken clouds
3,Bhilwara,IN,25.35,74.6333,76.59,91,99,8.41,light rain
4,Bluff,NZ,-46.6,168.3333,41.65,80,99,9.69,overcast clouds
5,Dikson,RU,73.5069,80.5464,43.97,93,100,19.44,overcast clouds
6,Saskylakh,RU,71.9167,114.0833,43.66,69,100,7.09,overcast clouds
7,Kahului,US,20.8947,-156.47,91.42,49,20,28.77,few clouds
8,Kapaa,US,22.0752,-159.319,84.18,71,20,14.97,few clouds
9,Sur,OM,22.5667,59.5289,89.53,59,100,4.12,overcast clouds
10,Vung Tau,VN,10.346,107.0843,78.82,86,89,6.67,overcast clouds
11,Weihai,CN,37.5017,122.1136,73.89,86,10,5.28,clear sky
12,Cape Town,ZA,-33.9258,18.4232,59.88,77,75,12.66,broken clouds
13,Narsaq,GL,60.9167,-46.05,55.62,81,11,3.56,few clouds
14,Mount Gambier,AU,-37.8333,140.7667,46.31,100,100,8.05,light rain
15,Butaritari,KI,3.0707,172.7902,81.99,75,97,13.06,overcast clouds
16,Atuona,PF,-9.8,-139.0333,77.22,68,33,25.48,scattered clouds
17,Saint-Philippe,RE,-21.3585,55.7679,64.22,70,31,12.5,scattered clouds
18,Hithadhoo,MV,-0.6,73.0833,81.55,74,5,6.91,clear sky
19,Rikitea,PF,-23.1203,-134.9692,73.15,70,77,20.94,broken clouds
20,Vaini,TO,-21.2,-175.2,77.16,78,20,12.66,few clouds
21,Busselton,AU,-33.65,115.3333,49.51,89,2,11.92,clear sky
22,Chicama,PE,-7.8447,-79.1469,61.34,66,20,9.22,few clouds
23,Hermanus,ZA,-34.4187,19.2345,58.8,72,100,13.89,overcast clouds
24,Hun,LY,29.1268,15.9477,84.94,25,0,6.08,clear sky
25,Georgetown,MY,5.4112,100.3354,82.89,88,20,1.14,few clouds
26,Hobart,AU,-42.8794,147.3294,44.26,93,75,3.44,broken clouds
27,Faanui,PF,-16.4833,-151.75,78.24,75,10,14.5,light rain
28,Bichena,ET,10.45,38.2,53.04,92,96,4.29,overcast clouds
29,Biak,ID,-0.9131,122.8766,75.29,88,96,1.61,overcast clouds
30,Castro,BR,-24.7911,-50.0119,47.73,75,0,4.94,clear sky
31,Iroquois Falls,CA,48.7669,-80.6831,67.53,38,30,9.84,scattered clouds
32,Santiago Del Estero,AR,-27.7951,-64.2615,66.69,32,100,7.38,overcast clouds
33,Ixtapa,MX,20.7,-105.2,87.22,74,75,11.5,broken clouds
34,Cabo San Lucas,MX,22.8909,-109.9124,92.5,61,20,8.05,few clouds
35,New Norfolk,AU,-42.7826,147.0587,44.71,86,98,1.74,light rain
36,Coquimbo,CL,-29.9533,-71.3436,53.33,87,100,3.44,overcast clouds
37,Kvam,NO,61.6656,9.6898,59.25,74,94,4.38,overcast clouds
38,Merrill,US,45.1805,-89.6835,78.89,47,40,1.01,scattered clouds
39,Guerrero Negro,MX,27.9769,-114.0611,82.45,48,1,16.4,clear sky
40,Chapais,CA,49.7834,-74.8492,51.58,96,100,8.12,overcast clouds
41,Upernavik,GL,72.7868,-56.1549,42.1,81,100,10.6,overcast clouds
42,Torzhok,RU,57.0436,34.9622,55.94,80,51,4.27,broken clouds
43,Tczew,PL,54.0924,18.7779,58.89,100,0,2.98,clear sky
44,Isangel,VU,-19.55,169.2667,73.51,68,75,4.61,broken clouds
45,Jamestown,US,42.097,-79.2353,76.59,47,40,12.66,scattered clouds
46,Port Lincoln,AU,-34.7333,135.8667,53.19,81,77,15.3,light rain
47,Mataura,NZ,-46.1927,168.8643,38.46,70,19,2.82,few clouds
48,Bambous Virieux,MU,-20.3428,57.7575,69.22,94,75,18.41,light intensity shower rain
49,Fortuna,US,40.5982,-124.1573,74.93,69,20,14.97,few clouds
50,Ushuaia,AR,-54.8,-68.3,35.26,87,40,0.0,scattered clouds
51,Yermakovskoye,RU,53.2831,92.4003,61.57,86,95,1.7,overcast clouds
52,Port Elizabeth,ZA,-33.918,25.5701,58.1,92,100,5.75,overcast clouds
53,Punta Arenas,CL,-53.15,-70.9167,35.71,69,75,10.36,broken clouds
54,Maryborough,AU,-25.5333,152.7,61.11,89,100,1.88,overcast clouds
55,Leningradskiy,RU,69.3833,178.4167,49.98,75,99,2.64,overcast clouds
56,Butterworth,MY,5.3991,100.3638,82.0,89,20,1.14,few clouds
57,Wanxian,CN,30.8039,108.3897,81.77,78,38,2.04,scattered clouds
58,Coos Bay,US,43.3665,-124.2179,75.31,94,100,8.05,mist
59,Taltal,CL,-25.4,-70.4833,58.6,75,92,4.83,overcast clouds
60,Talnakh,RU,69.4865,88.3972,47.21,72,95,3.06,overcast clouds
61,Katsuura,JP,35.1333,140.3,81.7,83,53,19.42,broken clouds
62,Bubaque,GW,11.2833,-15.8333,80.1,81,100,14.63,moderate rain
63,Sao Joao Da Barra,BR,-21.6403,-41.0511,69.21,66,95,29.3,overcast clouds
64,Polis,CY,35.0367,32.4264,76.82,87,0,7.07,clear sky
65,Port Alfred,ZA,-33.5906,26.891,62.44,80,92,4.0,overcast clouds
66,Qaqortoq,GL,60.7167,-46.0333,45.0,90,31,1.7,scattered clouds
67,Phangnga,TH,8.4509,98.5298,78.84,92,86,2.46,overcast clouds
68,Avarua,CK,-21.2078,-159.775,78.85,73,40,13.8,scattered clouds
69,Geraldton,AU,-28.7667,114.6,50.41,76,0,16.11,clear sky
70,Sirjan,IR,29.452,55.6814,76.93,19,0,6.64,clear sky
71,Pochutla,MX,15.7432,-96.4661,76.82,63,100,5.88,overcast clouds
72,Tasiilaq,GL,65.6145,-37.6368,35.76,86,24,1.34,few clouds
73,Takoradi,GH,4.8845,-1.7554,74.64,84,100,8.88,overcast clouds
74,Mahibadhoo,MV,3.7833,72.9667,80.4,80,40,7.27,scattered clouds
75,La Asuncion,VE,11.0333,-63.8628,85.73,66,70,12.66,broken clouds
76,Aklavik,CA,68.2191,-135.0107,66.2,42,40,4.61,scattered clouds
77,Diourbel,SN,14.6628,-16.3925,84.18,74,0,4.61,clear sky
78,Longyearbyen,SJ,78.2186,15.6401,44.44,81,100,9.22,overcast clouds
79,Tessalit,ML,20.1986,1.0114,98.67,21,56,5.28,broken clouds
80,Santa Rosa,PH,14.3122,121.1114,79.09,89,88,2.33,overcast clouds
81,Nanortalik,GL,60.1432,-45.2371,43.74,92,44,8.1,scattered clouds
82,Carnarvon,AU,-24.8667,113.6333,58.78,34,0,15.77,clear sky
83,Kruisfontein,ZA,-34.0033,24.7314,55.89,92,100,5.82,overcast clouds
84,Naze,JP,28.3667,129.4833,79.72,81,100,5.93,overcast clouds
85,The Valley,AI,18.217,-63.0578,84.34,70,40,9.22,scattered clouds
86,Lebu,CL,-37.6167,-73.65,50.18,90,100,2.8,overcast clouds
87,Pijijiapan,MX,15.7011,-93.23,90.52,56,54,4.85,broken clouds
88,Westport,US,41.1415,-73.3579,89.15,56,0,5.75,clear sky
89,Jasper,US,37.2001,-94.3502,94.1,33,0,10.36,clear sky
90,Zhanaozen,KZ,43.3,52.8,80.8,23,0,12.37,clear sky
91,Wawa,NG,9.9022,4.4192,71.26,98,100,3.56,moderate rain
92,Barrow,US,71.2906,-156.7887,46.42,93,100,17.27,mist
93,Rosarito,MX,32.3333,-117.0333,98.64,53,4,13.31,clear sky
94,Goderich,CA,43.7501,-81.7165,69.91,58,0,17.09,clear sky
95,Cabedelo,BR,-6.9811,-34.8339,75.87,80,38,7.09,scattered clouds
96,Qaanaaq,GL,77.484,-69.3632,38.93,72,96,6.87,overcast clouds
97,Calbuco,CL,-41.768,-73.1273,51.01,89,100,14.7,light rain
98,Pedernales,DO,18.0384,-71.744,84.56,67,18,6.26,few clouds
99,Algeciras,ES,36.1333,-5.4505,76.68,83,12,5.75,few clouds
100,Mahebourg,MU,-20.4081,57.7,69.26,94,75,18.41,light intensity shower rain
101,Ascoli Piceno,IT,42.8548,13.5749,75.25,63,63,5.44,broken clouds
102,Claveria,PH,18.6074,121.0832,80.62,81,94,2.35,overcast clouds
103,Kavieng,PG,-2.5744,150.7967,81.77,77,97,9.84,light rain
104,Iqaluit,CA,63.7506,-68.5145,51.53,71,40,3.44,scattered clouds
105,Idar-Oberstein,DE,49.7,7.3,68.4,45,45,3.91,scattered clouds
106,Kankan,GN,10.3854,-9.3057,71.44,97,92,5.68,light rain
107,Planaltina,BR,-15.4528,-47.6142,68.86,40,99,3.47,overcast clouds
108,Marawi,PH,7.9986,124.2928,70.21,86,86,2.57,overcast clouds
109,Adrar,MR,20.5022,-10.0711,93.85,30,1,8.25,clear sky
110,Purpe,RU,64.4803,76.6897,53.92,61,99,11.32,overcast clouds
111,Lavrentiya,RU,65.5833,-171.0,44.42,91,86,7.14,overcast clouds
112,Maragogi,BR,-9.0122,-35.2225,73.89,84,7,5.17,clear sky
113,Hasaki,JP,35.7333,140.8333,84.6,80,27,22.5,scattered clouds
114,Luderitz,NA,-26.6481,15.1594,55.56,87,42,7.34,scattered clouds
115,Itarema,BR,-2.9248,-39.9167,77.4,84,92,15.39,overcast clouds
116,Teya,RU,60.3778,92.6267,44.64,90,1,2.89,clear sky
117,Dzilam Gonzalez,MX,21.2833,-88.9333,83.46,76,20,10.92,few clouds
118,Chuy,UY,-33.6971,-53.4616,52.32,89,9,5.84,clear sky
119,Severo-Kurilsk,RU,50.6789,156.125,56.44,96,98,13.24,overcast clouds
120,Ilulissat,GL,69.2167,-51.1,41.02,93,75,1.14,broken clouds
121,Shingu,JP,33.7333,135.9833,79.81,89,100,3.11,overcast clouds
122,Baykit,RU,61.67,96.37,47.34,81,44,3.29,scattered clouds
123,Rocha,UY,-34.4833,-54.3333,49.39,89,0,5.93,clear sky
124,Puerto Ayora,EC,-0.7393,-90.3518,78.76,99,100,7.0,overcast clouds
125,Sinazongwe,ZM,-17.2614,27.4618,67.48,45,0,3.31,clear sky
126,Gimli,CA,50.6336,-96.9907,74.28,50,100,3.58,overcast clouds
127,Gunzenhausen,DE,49.1,10.75,66.69,56,49,4.54,scattered clouds
128,Nikolskoye,RU,59.7035,30.7861,64.29,78,100,6.08,overcast clouds
129,Faya,SA,18.3851,42.4509,68.52,77,78,7.05,broken clouds
130,Bredasdorp,ZA,-34.5322,20.0403,53.1,86,100,3.98,overcast clouds
131,Solano,US,38.2333,-121.9511,93.88,34,0,19.57,clear sky
132,Oyama,JP,36.3,139.8,85.59,61,97,11.27,overcast clouds
133,Ponta Do Sol,PT,32.6667,-17.1,71.71,75,53,1.95,broken clouds
134,Oranjemund,NA,-28.55,16.4333,53.92,94,75,1.16,broken clouds
135,Berlevag,NO,70.8578,29.0864,53.55,71,100,34.52,overcast clouds
136,Batagay-Alyta,RU,67.8006,130.4114,50.02,74,100,9.24,overcast clouds
137,Rawson,AR,-43.3002,-65.1023,53.62,46,26,5.53,scattered clouds
138,Altagracia De Orituco,VE,9.8601,-66.3814,74.07,89,81,1.95,broken clouds
139,Fort Nelson,CA,58.8053,-122.7002,60.39,72,75,3.44,broken clouds
140,Chokurdakh,RU,70.6333,147.9167,49.89,71,100,9.46,overcast clouds
141,Malmesbury,ZA,-33.4608,18.7271,54.77,93,100,7.58,overcast clouds
142,Mersin,TR,36.862,34.6509,80.08,83,4,3.18,clear sky
143,College,US,64.8569,-147.8028,70.07,44,40,5.75,scattered clouds
144,Roald,NO,62.5833,6.1333,61.16,100,100,2.3,drizzle
145,Yadrin,RU,55.9405,46.2062,56.91,82,3,1.59,clear sky
146,Pokhara,NP,28.2333,83.9833,70.36,80,41,4.5,scattered clouds
147,Novaya Bryan,RU,51.7159,108.2691,58.14,78,2,5.14,clear sky
148,Kysyl-Syr,RU,63.8986,122.7617,57.67,72,98,5.19,overcast clouds
149,General Roca,AR,-39.0333,-67.5833,52.63,44,97,0.49,overcast clouds
150,Eyl,SO,7.9803,49.8164,77.58,69,83,22.73,broken clouds
151,Yellowknife,CA,62.456,-114.3525,66.72,32,75,13.8,broken clouds
152,Bengkulu,ID,-3.8004,102.2655,76.01,91,40,3.65,scattered clouds
153,Pisco,PE,-13.7,-76.2167,62.65,77,20,3.44,few clouds
154,Turukhansk,RU,65.8167,87.9833,44.35,81,10,4.23,clear sky
155,Pangody,RU,65.85,74.4859,57.58,60,100,13.85,light rain
156,Kirakira,SB,-10.4544,161.9205,81.59,79,96,7.94,moderate rain
157,Constitucion,CL,-35.3333,-72.4167,48.61,82,0,2.8,clear sky
158,Podor,MR,16.6527,-14.9587,91.35,55,0,0.0,clear sky
159,Sorland,NO,67.667,12.6934,49.86,81,95,25.14,overcast clouds
160,Esperance,AU,-33.8667,121.9,53.49,67,87,7.52,overcast clouds
161,Oltu,TR,40.5498,42.0013,63.63,96,3,2.64,clear sky
162,Dalvik,IS,65.9702,-18.5286,49.93,79,87,2.08,overcast clouds
163,East London,ZA,-33.0153,27.9116,63.3,76,85,4.59,overcast clouds
164,Shepsi,RU,44.0361,39.1489,75.27,84,19,7.16,few clouds
165,Bethel,US,41.3712,-73.414,88.65,52,0,4.61,clear sky
166,Cantanhede,BR,-3.6333,-44.3767,78.6,77,35,7.25,scattered clouds
167,Matara,LK,5.9485,80.5353,76.75,92,87,8.39,overcast clouds
168,Saint George,US,37.1041,-113.5841,93.79,37,0,21.99,clear sky
169,Kodiak,US,57.79,-152.4072,56.71,88,100,6.91,mist
170,Qasigiannguit,GL,68.8193,-51.1922,41.25,89,94,2.8,overcast clouds
171,Boyuibe,BO,-20.4167,-63.2833,57.13,40,0,4.32,clear sky
172,Padang,ID,-0.9492,100.3543,78.46,88,71,2.51,broken clouds
173,Krasnoselkup,RU,65.7,82.4667,47.82,73,98,4.45,overcast clouds
174,Verkhniye Kigi,RU,55.4083,58.6044,51.28,93,25,3.29,scattered clouds
175,San Cristobal,VE,7.7669,-72.225,82.58,84,86,4.45,overcast clouds
176,El Bagre,CO,7.5927,-74.8086,78.39,97,92,3.06,overcast clouds
177,Yulara,AU,-25.2406,130.9889,48.04,50,0,7.67,clear sky
178,Salinopolis,BR,-0.6136,-47.3561,78.8,84,63,11.95,broken clouds
179,Hualmay,PE,-11.0964,-77.6139,63.34,79,23,10.67,few clouds
180,Caravelas,BR,-17.7125,-39.2481,73.11,68,100,10.8,overcast clouds
181,Ribeira Grande,PT,38.5167,-28.7,74.64,79,84,9.51,broken clouds
182,Poso,ID,-1.3959,120.7524,76.42,88,100,4.34,overcast clouds
183,San Patricio,US,28.017,-97.5169,97.52,66,100,12.97,overcast clouds
184,Clyde River,CA,70.4692,-68.5914,43.03,87,75,8.05,broken clouds
185,Sao Jose Da Coroa Grande,BR,-8.8978,-35.1478,74.57,83,12,5.35,few clouds
186,Saint-Pierre,RE,-21.3393,55.4781,66.9,70,0,8.05,clear sky
187,Makakilo City,US,21.3469,-158.0858,84.56,58,75,17.27,broken clouds
188,Nantucket,US,41.2835,-70.0995,71.74,88,100,6.91,overcast clouds
189,Tiksi,RU,71.6872,128.8694,39.63,94,100,10.6,overcast clouds
190,Sao Filipe,CV,14.8961,-24.4956,78.33,79,14,13.33,few clouds
191,San Vicente,AR,-26.6167,-54.1333,50.36,94,34,2.73,scattered clouds
192,Mar Del Plata,AR,-38.0023,-57.5575,56.88,71,0,14.0,clear sky
193,Imbituba,BR,-28.24,-48.6703,60.1,98,70,1.1,broken clouds
194,Vanderhoof,CA,54.0166,-124.0198,87.3,33,44,2.15,scattered clouds
195,Airai,TL,-8.9266,125.4092,60.4,89,52,3.44,broken clouds
196,Carlsbad,US,33.1581,-117.3506,102.34,60,0,14.97,clear sky
197,Ahipara,NZ,-35.1667,173.1667,54.88,63,27,11.39,scattered clouds
198,Olinda,BR,-8.0089,-34.8553,78.53,73,0,5.75,clear sky
199,Arlit,NE,18.7369,7.3853,98.51,13,3,8.16,clear sky
200,Codrington,AU,-38.2667,141.9667,47.88,90,100,4.9,overcast clouds
201,Souillac,MU,-20.5167,57.5167,66.58,94,75,18.41,light intensity shower rain
202,Namatanai,PG,-3.6667,152.4333,82.04,75,100,8.01,light rain
203,Lagoa,PT,39.05,-27.9833,73.13,84,91,13.47,light rain
204,Saint-Augustin,CA,51.226,-58.6502,62.62,90,100,13.09,overcast clouds
205,Arraial Do Cabo,BR,-22.9661,-42.0278,67.86,83,40,9.22,scattered clouds
206,Trairi,BR,-3.2778,-39.2689,76.98,84,84,11.25,broken clouds
207,Khatanga,RU,71.9667,102.5,44.78,72,100,7.49,overcast clouds
208,Milton,US,34.1322,-84.3007,87.06,74,77,1.01,broken clouds
209,Port Hawkesbury,CA,45.6169,-61.3485,69.96,84,100,8.99,overcast clouds
210,Abbeville,FR,50.1,1.8333,75.16,46,3,8.66,clear sky
211,Andenes,NO,69.3143,16.1194,49.98,81,100,21.85,overcast clouds
212,Bereznik,RU,62.8551,42.7072,61.99,74,98,9.73,overcast clouds
213,Matay,EG,28.419,30.7792,84.31,28,0,7.61,clear sky
214,Oudtshoorn,ZA,-33.5907,22.2014,50.36,84,96,4.23,overcast clouds
215,Nador,MA,35.174,-2.9287,80.85,78,0,3.44,clear sky
216,Garni,AM,40.1221,44.7312,74.07,67,0,6.73,clear sky
217,Kaniama,CD,-7.5667,24.1833,70.39,23,62,4.36,broken clouds
218,Gondar,ET,12.6,37.4667,56.34,93,98,3.02,overcast clouds
219,Hilo,US,19.7297,-155.09,92.28,76,75,8.05,broken clouds
220,Sorso,IT,40.8,8.5772,73.89,66,7,3.11,clear sky
221,Vao,NC,-22.6667,167.4833,68.16,59,11,20.11,few clouds
222,La Ronge,CA,55.1001,-105.2842,86.22,42,40,10.36,scattered clouds
223,Taldan,RU,53.6667,124.8,57.16,85,99,2.59,overcast clouds
224,Rundu,NA,-17.9333,19.7667,57.52,14,3,4.85,clear sky
225,Dapaong,TG,10.8639,0.205,78.08,77,100,4.29,light rain
226,Tabou,CI,4.423,-7.3528,76.26,77,99,9.46,overcast clouds
227,Lasa,IT,46.6166,10.7002,68.88,89,90,1.79,overcast clouds
228,Honiara,SB,-9.4333,159.95,79.97,83,100,2.37,overcast clouds
229,Inhambane,MZ,-23.865,35.3833,68.11,79,0,8.41,clear sky
230,Yerbogachen,RU,61.2767,108.0108,54.12,94,94,5.66,overcast clouds
231,Molteno,ZA,-31.3968,26.3625,51.94,32,66,11.77,broken clouds
232,Norman Wells,CA,65.282,-126.8329,71.64,33,20,3.44,few clouds
233,Stromness,GB,58.965,-3.296,53.87,91,100,5.01,overcast clouds
234,Ipora,BR,-16.4419,-51.1178,65.05,26,21,5.86,few clouds
235,Sulangan,PH,11.1373,123.7228,82.98,72,100,5.88,overcast clouds
236,Vila Franca Do Campo,PT,37.7167,-25.4333,73.81,88,53,7.43,broken clouds
237,Helena,US,46.5927,-112.0361,95.81,27,0,9.22,clear sky
238,Saint Anthony,US,45.0205,-93.218,84.85,42,20,10.36,few clouds
239,Cururupu,BR,-1.8283,-44.8683,75.09,87,49,4.5,scattered clouds
240,Santa Margherita Ligure,IT,44.3346,9.212,80.44,69,39,1.01,scattered clouds
241,Lorengau,PG,-2.0226,147.2712,81.45,80,79,5.86,broken clouds
242,Grindavik,IS,63.8424,-22.4338,49.95,100,100,17.27,light intensity drizzle
243,Hofn,IS,64.2539,-15.2082,51.55,86,56,14.16,broken clouds
244,Lufilufi,WS,-13.8745,-171.5986,78.58,80,18,16.73,light rain
245,Saint-Denis,FR,48.9167,2.3333,79.09,40,0,6.91,clear sky
246,Lusaka,ZM,-15.4067,28.2871,59.54,47,0,5.88,clear sky
247,Palmer,US,42.1584,-72.3287,83.8,51,75,8.05,broken clouds
248,Valparaiso,CL,-33.0393,-71.6273,55.63,90,100,6.91,overcast clouds
249,Avera,US,33.194,-82.5271,81.91,54,99,7.52,overcast clouds
250,Wangqing,CN,43.3218,129.7634,65.98,83,19,1.36,few clouds
251,Rio Verde De Mato Grosso,BR,-18.9181,-54.8442,64.53,42,0,4.5,clear sky
252,Springbok,ZA,-29.6643,17.8865,45.03,91,77,3.87,broken clouds
253,Kloulklubed,PW,7.0419,134.2556,73.9,72,100,4.38,moderate rain
254,Novonukutskiy,RU,53.7002,102.7117,54.57,89,3,1.59,clear sky
255,Westerland,DE,54.9079,8.3033,64.42,77,1,6.91,clear sky
256,Tuatapere,NZ,-46.1333,167.6833,44.44,61,9,3.06,clear sky
257,Batemans Bay,AU,-35.7167,150.1833,52.11,71,90,4.9,overcast clouds
258,Sarasota,US,27.167,-82.3332,89.53,70,0,9.22,clear sky
259,Arman,RU,59.7,150.1667,61.02,85,98,2.98,overcast clouds
260,Yelizovo,RU,53.1873,158.3805,57.34,100,75,4.47,broken clouds
261,Pevek,RU,69.7008,170.3133,36.37,91,85,5.93,overcast clouds
262,Kununurra,AU,-15.7667,128.7333,71.58,37,4,10.36,clear sky
263,Punto Fijo,VE,11.6956,-70.1996,84.11,70,96,20.24,overcast clouds
264,Nizhniy Odes,RU,63.6445,54.856,56.03,68,85,6.33,overcast clouds
265,Talcahuano,CL,-36.7167,-73.1167,51.48,76,100,6.91,overcast clouds
266,Oxbow,CA,49.2333,-102.1676,65.64,81,100,11.79,overcast clouds
267,Flin Flon,CA,54.7682,-101.865,75.04,50,100,20.71,overcast clouds
268,Mnogovershinnyy,RU,53.9353,139.9242,54.46,97,100,1.39,overcast clouds
269,Mandalgovi,MN,45.7625,106.2708,57.76,74,100,13.38,overcast clouds
270,Perevolotskiy,RU,51.8763,54.1938,66.96,76,100,10.18,overcast clouds
271,Tarboro,US,35.8968,-77.5358,87.71,74,0,3.44,clear sky
272,Raudeberg,NO,61.9875,5.1352,56.07,93,100,9.95,overcast clouds
273,Cayenne,GF,4.9333,-52.3333,83.08,1,0,4.61,clear sky
274,Taoudenni,ML,22.6783,-3.9836,100.72,10,0,2.33,clear sky
275,Bakani,IN,24.2833,76.2333,75.81,95,100,8.63,heavy intensity rain
276,Ushtobe,KZ,45.2514,77.9838,72.18,40,94,5.93,overcast clouds
277,Monteagudo,BO,-19.8167,-63.9833,53.64,47,0,1.19,clear sky
278,Altay,CN,47.8667,88.1167,64.53,41,5,6.51,clear sky
279,Bartica,GY,6.4,-58.6167,82.72,96,39,2.84,scattered clouds
280,Conceicao Do Araguaia,BR,-8.2578,-49.2647,81.75,34,21,2.98,few clouds
281,Samarai,PG,-10.6167,150.6667,78.46,85,97,17.29,overcast clouds
282,Waseca,US,44.0777,-93.5074,78.24,73,100,9.22,overcast clouds
283,Doka,SD,13.5167,35.7667,69.35,97,100,8.14,overcast clouds
284,Barsovo,RU,61.1667,73.1667,59.13,72,74,8.48,broken clouds
285,Sitka,US,57.0531,-135.33,66.09,72,75,3.44,broken clouds
286,Esil,KZ,51.9556,66.4042,68.92,60,47,2.62,scattered clouds
287,Kaseda,JP,31.4167,130.3167,84.02,74,87,6.08,overcast clouds
288,Viedma,AR,-40.8135,-62.9967,54.01,44,9,9.37,clear sky
289,Bonthe,SL,7.5264,-12.505,76.12,88,87,8.84,light rain
290,Surt,LY,31.2089,16.5887,80.91,59,0,8.25,clear sky
291,Pacific Grove,US,36.6177,-121.9166,85.55,71,0,12.66,clear sky
292,Mogadishu,SO,2.0371,45.3438,75.2,81,31,18.45,scattered clouds
293,Ostrovnoy,RU,68.0531,39.5131,52.09,84,5,18.43,clear sky
294,Chandausi,IN,28.45,78.7667,81.21,70,4,7.45,clear sky
295,Ossora,RU,59.2353,163.0719,61.34,78,17,7.9,few clouds
296,Catamarca,AR,-28.4696,-65.7852,62.58,43,100,7.34,overcast clouds
297,Kutum,SD,14.2,24.6667,75.52,65,93,7.2,overcast clouds
298,Anadyr,RU,64.75,177.4833,59.5,77,75,4.47,broken clouds
299,Ouadda,CF,8.0777,22.4007,67.51,98,100,3.44,light rain
300,Ambulu,ID,-8.345,113.6058,74.66,92,81,2.64,broken clouds
301,Channel-Port Aux Basques,CA,47.5702,-59.1367,61.68,90,54,12.84,broken clouds
302,Hovd,MN,48.0056,91.6419,62.2,52,2,2.51,clear sky
303,Shimoda,JP,34.6667,138.95,81.1,87,100,12.73,overcast clouds
304,Mehamn,NO,71.0357,27.8492,51.71,93,100,23.02,moderate rain
305,Kangaatsiaq,GL,68.3065,-53.4641,38.3,86,29,3.71,scattered clouds
306,Ust-Koksa,RU,50.2696,85.6108,52.2,87,30,1.39,scattered clouds
307,Turayf,SA,31.6725,38.6637,80.85,47,0,9.22,clear sky
308,Barabinsk,RU,55.3571,78.357,60.21,82,65,8.88,broken clouds
309,Swan Hill,AU,-35.3378,143.5544,49.35,71,86,9.78,overcast clouds
310,Kuala Selangor,MY,3.35,101.25,80.8,83,72,4.29,broken clouds
311,Tucuma,BR,-0.1833,-50.05,77.81,84,58,7.25,broken clouds
312,Williamsburg,US,37.2707,-76.7075,81.91,87,75,0.0,broken clouds
313,Doha,QA,25.2867,51.5333,94.98,73,0,2.3,clear sky
314,Saldanha,ZA,-33.0117,17.9442,55.45,87,100,11.9,overcast clouds
315,El Carmen De Bolivar,CO,9.7174,-75.1202,79.34,90,83,6.67,broken clouds
316,Illela,NG,13.7292,5.2975,75.4,74,97,10.27,overcast clouds
317,Owase,JP,34.0667,136.2,79.99,91,100,4.52,light rain
318,Inirida,CO,3.8653,-67.9239,75.11,94,95,1.34,overcast clouds
319,Rio Grande,BR,-32.035,-52.0986,55.94,85,3,9.06,clear sky
320,Danjiangkou,CN,32.5428,111.5086,83.21,72,8,3.51,clear sky
321,Okhotsk,RU,59.3833,143.3,58.75,91,100,3.24,overcast clouds
322,Kanniyakumari,IN,8.0833,77.5667,79.02,78,93,18.39,overcast clouds
323,Cabo Rojo,PR,18.0866,-67.1457,84.72,77,96,6.49,overcast clouds
324,Caraquet,CA,47.7941,-64.9386,68.68,78,100,7.83,overcast clouds
325,Bichura,RU,50.5881,107.6022,61.57,76,82,1.39,broken clouds
326,Lompoc,US,34.6391,-120.4579,76.84,69,0,14.97,clear sky
327,Villazon,BO,-22.0866,-65.5942,50.41,6,0,7.76,clear sky
328,Aras,ES,42.5617,-2.356,72.01,73,0,2.3,clear sky
329,Izumo,JP,35.3667,132.7667,82.29,83,75,2.3,broken clouds
330,Aliwal North,ZA,-30.6937,26.7114,54.54,29,64,8.41,broken clouds
331,Palladam,IN,10.9833,77.3,73.49,78,73,17.43,broken clouds
332,Diamantino,BR,-14.4086,-56.4461,68.52,33,0,4.94,clear sky
333,Sandviken,SE,60.6167,16.7667,64.56,73,1,5.21,clear sky
334,Majenang,ID,-7.2975,108.7642,73.49,99,67,1.66,broken clouds
335,Campeche,MX,19.0,-90.5,91.33,39,63,6.4,broken clouds
336,Quatre Cocos,MU,-20.2078,57.7625,69.1,76,89,15.21,light rain
337,Simao,CN,22.7886,100.9748,66.9,98,100,3.4,overcast clouds
338,Navahrudak,BY,53.6,25.8333,57.69,89,1,5.95,clear sky
339,Komsomolskiy,UZ,40.4272,71.7189,74.12,43,16,6.91,few clouds
340,Chara,RU,56.9064,118.2631,57.97,72,86,0.63,overcast clouds
341,Miyako,JP,39.6367,141.9525,75.81,93,100,2.26,light rain
342,Kismayo,SO,-0.3582,42.5454,74.53,81,35,16.06,light rain
343,Sobolevo,RU,54.4299,31.8996,56.82,74,0,6.98,clear sky
344,Okha,RU,53.5739,142.9478,59.63,89,67,4.74,broken clouds
345,Vanavara,RU,60.34,102.2797,51.53,91,19,2.51,few clouds
346,Bayan,CN,46.0833,127.4,62.64,84,18,3.76,few clouds
347,Porto Belo,BR,-27.1578,-48.5531,64.35,85,23,8.3,few clouds
348,Tuktoyaktuk,CA,69.4541,-133.0374,55.4,82,75,12.66,broken clouds
349,Torbay,CA,47.6666,-52.7314,59.29,94,100,6.91,light rain
350,Camargo,MX,27.6667,-105.1667,93.74,18,1,16.75,clear sky
351,Touros,BR,-5.1989,-35.4608,75.69,83,19,10.09,few clouds
352,Lazaro Cardenas,MX,17.9583,-102.2,84.24,70,100,4.41,overcast clouds
353,Benghazi,LY,32.1167,20.0667,80.64,71,0,7.87,clear sky
354,Mankono,CI,8.0586,-6.1897,75.81,76,100,3.96,overcast clouds
355,Hede,CN,33.7681,120.2517,82.31,89,96,6.46,overcast clouds
356,Tomigusuku,JP,26.185,127.675,83.97,89,75,4.61,broken clouds
357,Kalmunai,LK,7.4167,81.8167,78.66,79,100,3.33,overcast clouds
358,Ketchikan,US,55.3422,-131.6461,66.67,68,40,14.97,scattered clouds
359,Natal,BR,-5.795,-35.2094,79.02,83,0,5.75,clear sky
360,Asau,RO,46.4333,26.4,61.72,73,24,5.21,light rain
361,Manicore,BR,-5.8092,-61.3003,84.15,61,20,3.44,few clouds
362,Alyangula,AU,-13.8483,136.4192,74.71,70,16,10.85,few clouds
363,Dingle,PH,10.9995,122.6711,78.49,85,83,1.36,moderate rain
364,Ternate,ID,0.8,127.4,81.05,78,31,2.01,scattered clouds
365,Elizabeth City,US,36.2946,-76.2511,86.02,84,20,9.22,few clouds
366,Obo,CF,5.3998,26.4869,65.98,99,99,1.86,light rain
367,Kharp,RU,66.8014,65.8081,53.82,99,100,6.02,overcast clouds
368,Victoria,HK,22.2855,114.1577,81.32,92,100,5.99,overcast clouds
369,Thompson,CA,55.7435,-97.8558,78.96,44,20,12.66,few clouds
370,Rodez,FR,44.5,2.5833,80.28,50,0,4.61,clear sky
371,Tarakan,ID,3.3,117.6333,76.5,88,100,2.3,overcast clouds
372,Boca Do Acre,BR,-8.7522,-67.3978,78.48,54,40,1.34,scattered clouds
373,Gat,IL,31.61,34.7642,79.81,79,0,4.47,clear sky
374,Tukums,LV,56.9669,23.1553,54.75,78,100,5.17,overcast clouds
375,Yavaros,MX,26.7,-109.5167,98.46,50,23,8.95,few clouds
376,Abha,SA,18.2164,42.5053,68.25,64,0,10.36,clear sky
377,Biograd Na Moru,HR,43.9433,15.4519,79.75,35,31,11.43,scattered clouds
378,Morehead,US,37.2711,-87.1764,83.95,54,0,8.05,clear sky
379,Zbarazh,UA,49.6636,25.7762,61.81,87,87,6.91,overcast clouds
380,Gushikawa,JP,26.3544,127.8686,83.43,94,0,0.0,light rain
381,Mayahi,NE,13.9553,7.6712,75.47,71,67,12.39,broken clouds
382,Digby,CA,44.6169,-65.7655,62.91,97,100,4.25,overcast clouds
383,Naliya,IN,23.2667,68.8333,81.3,92,100,7.87,overcast clouds
384,Russell,US,32.3502,-85.1999,82.0,65,40,8.05,scattered clouds
385,Togur,RU,58.3631,82.8265,47.91,78,17,5.93,few clouds
386,Peoria,US,40.7667,-89.7668,82.49,64,40,12.66,scattered clouds
387,Koumac,NC,-20.5667,164.2833,71.91,48,0,4.29,clear sky
388,Gibraltar,GI,36.1447,-5.3526,76.95,78,20,5.75,few clouds
389,Sorkjosen,NO,69.8,20.9333,53.6,66,75,11.5,broken clouds
390,Smirnykh,RU,49.75,142.8333,64.04,76,95,3.22,overcast clouds
391,Lamar,US,33.6668,-95.5836,96.78,38,40,14.97,scattered clouds
392,Veraval,IN,20.9,70.3667,80.85,90,97,26.28,overcast clouds
393,Salalah,OM,17.0151,54.0924,77.09,100,100,3.44,mist
394,Kargasok,RU,59.0556,80.8572,48.78,77,9,4.97,clear sky
395,Ozinki,RU,51.1786,49.6769,70.2,70,99,8.28,overcast clouds
396,Enugu,NG,6.4402,7.4943,74.59,94,20,3.44,few clouds
397,Mount Isa,AU,-20.7333,139.5,64.17,36,88,4.61,overcast clouds
398,Manuk Mangkaw,PH,4.8,119.85,83.59,70,47,4.97,scattered clouds
399,Jinchang,CN,38.4953,102.1739,77.81,67,12,1.79,few clouds
400,Port-Gentil,GA,-0.7193,8.7815,73.36,94,20,8.05,few clouds
401,Ponta Delgada,PT,37.7333,-25.6667,74.12,78,75,9.22,broken clouds
402,Muscat,OM,23.6139,58.5922,89.62,64,99,1.41,overcast clouds
403,Grand-Lahou,CI,5.1367,-5.0242,74.88,88,88,9.57,overcast clouds
404,Vardo,NO,70.3705,31.1107,51.78,82,100,13.8,overcast clouds
405,Sagone,FR,42.1155,8.6969,72.07,73,13,6.31,few clouds
406,Beloha,MG,-25.1667,45.05,64.9,60,0,10.38,clear sky
407,Cabras,IT,39.93,8.5314,72.05,73,0,3.36,clear sky
408,Burnie,AU,-41.0667,145.9167,47.95,91,95,6.64,light rain
409,Lucapa,AO,-8.4192,20.7447,66.87,22,43,3.15,scattered clouds
410,Berezovyy,RU,51.6667,135.7,55.54,94,100,1.19,overcast clouds
411,Angoram,PG,-4.0625,144.0661,74.98,98,99,0.83,light rain
412,Beisfjord,NO,68.3751,17.5988,53.04,93,100,12.46,overcast clouds
413,Angola,AO,-12.5,18.5,53.13,28,21,3.62,few clouds
414,Pangnirtung,CA,66.1451,-65.7125,51.8,71,20,3.44,few clouds
415,Buritis,BR,-15.6178,-46.4233,72.19,39,100,4.65,overcast clouds
416,Winslow,US,35.0242,-110.6974,87.98,30,75,12.66,broken clouds
417,Henties Bay,NA,-22.116,14.2845,53.4,91,1,6.64,clear sky
418,Umm Lajj,SA,25.0213,37.2685,89.22,63,100,8.59,overcast clouds
419,Shiraz,IR,29.6036,52.5388,74.64,46,20,0.0,few clouds
420,Diego De Almagro,CL,-26.3667,-70.05,59.68,46,100,3.09,overcast clouds
421,Tamiahua,MX,21.2667,-97.45,86.05,64,44,12.48,scattered clouds
422,Pedasi,PA,7.5333,-80.0333,79.07,85,100,5.1,overcast clouds
423,Mana,GF,5.6592,-53.7767,79.47,81,33,7.07,scattered clouds
424,Emerald,AU,-23.5333,148.1667,60.35,83,100,9.91,overcast clouds
425,Fuyu,CN,45.1833,124.8167,67.08,71,20,1.57,few clouds
426,Usinsk,RU,65.9939,57.5281,53.98,74,90,11.3,light rain
427,Kavaratti,IN,10.5669,72.642,80.91,83,39,20.67,scattered clouds
428,Anori,BR,-3.7728,-61.6442,84.74,44,65,1.81,broken clouds
429,Skegness,GB,53.1436,0.3363,64.47,84,0,9.31,clear sky
430,Amahai,ID,-3.3333,128.9167,77.85,85,42,2.44,scattered clouds
431,Grand Forks,US,47.9417,-97.4337,78.53,47,75,10.36,broken clouds
432,Buenos Aires,AR,-34.6132,-58.3772,59.95,67,0,5.75,clear sky
433,Wembley,AU,-31.9333,115.8,52.09,86,0,12.66,clear sky
434,Sham Churasi,IN,31.4997,75.7494,79.63,66,100,6.8,overcast clouds
435,Kaitangata,NZ,-46.2817,169.8464,41.74,68,20,6.69,few clouds
436,Digras,IN,20.1167,77.7167,74.82,86,40,11.1,scattered clouds
437,Havre-Saint-Pierre,CA,50.2334,-63.5986,64.76,82,100,4.61,overcast clouds
438,Sandpoint,US,48.2766,-116.5533,96.85,34,0,4.61,clear sky
439,Prince Rupert,CA,54.3161,-130.3201,64.49,77,0,6.91,clear sky
440,Huarmey,PE,-10.0681,-78.1522,64.69,79,39,10.42,scattered clouds
441,Batticaloa,LK,7.7102,81.6924,79.12,76,100,4.76,overcast clouds
442,Irbeyskoye,RU,55.6428,95.4522,57.4,85,52,1.12,broken clouds
443,Eenhana,NA,-17.4667,16.3333,60.28,15,23,5.86,few clouds
444,Bayevo,RU,53.2833,80.7667,60.04,92,97,3.94,light rain
445,Korla,CN,41.7597,86.1469,83.79,31,65,15.26,broken clouds
446,Mosetse,BW,-20.75,26.65,61.65,36,0,10.38,clear sky
447,Kiama,AU,-34.6833,150.8667,58.57,77,100,3.0,overcast clouds
448,Meadow Lake,US,34.8014,-106.5436,83.66,35,66,9.13,broken clouds
449,Lubumbashi,CD,-11.6609,27.4794,57.97,45,45,2.64,scattered clouds
450,Poplar Bluff,US,36.757,-90.3929,86.18,58,0,6.91,clear sky
451,Pelym,RU,61.0108,61.9978,56.14,96,92,5.61,light rain
452,Prainha,BR,-1.8,-53.48,81.99,54,25,4.05,scattered clouds
453,Petropavlovsk-Kamchatskiy,RU,53.0452,158.6483,55.99,100,75,4.47,broken clouds
454,Ormara,PK,25.2088,64.6357,84.83,77,100,13.04,overcast clouds
455,Joao Pinheiro,BR,-17.7425,-46.1725,64.83,28,100,2.01,overcast clouds
456,Mamit,IN,23.9333,92.4833,66.85,98,52,1.77,broken clouds
457,Novorzhev,RU,57.0294,29.3338,57.81,74,71,3.8,broken clouds
458,Moree,AU,-29.4667,149.85,54.61,88,100,10.87,light rain
459,Isiro,CD,2.7739,27.616,65.17,99,99,1.86,overcast clouds
460,Labuhan,ID,-6.8844,112.2051,76.84,88,70,5.5,broken clouds
461,Cidreira,BR,-30.1811,-50.2056,59.34,86,1,9.66,clear sky
462,Santa Cruz,BO,-17.8,-63.1667,73.45,38,0,5.75,clear sky
463,Birjand,IR,32.8663,59.2211,68.47,24,0,16.11,clear sky
464,Axim,GH,4.8699,-2.2405,74.86,85,100,6.73,overcast clouds
465,Ishigaki,JP,24.3448,124.1572,82.53,89,45,3.44,scattered clouds
466,Powell,US,40.1578,-83.0752,77.36,64,40,9.22,scattered clouds
467,Chake Chake,TZ,-5.2459,39.7666,72.64,81,66,10.09,broken clouds
468,Mayo,US,38.8876,-76.5119,88.21,55,0,8.05,clear sky
469,Matadi,CD,-5.8167,13.45,71.56,76,89,4.9,overcast clouds
470,Nizhniy Baskunchak,RU,48.2198,46.8311,82.71,35,63,17.47,broken clouds
471,San Pedro,PH,14.35,121.0167,78.35,90,20,0.0,few clouds
472,Harper,LR,4.375,-7.7169,76.42,76,100,9.82,overcast clouds
473,Chitral,PK,35.8462,71.7858,74.68,81,59,3.18,broken clouds
474,Kuminskiy,RU,58.6667,66.5667,56.7,98,99,6.62,overcast clouds
475,Camacupa,AO,-12.0167,17.4833,58.5,21,9,3.53,clear sky
476,Egvekinot,RU,66.3167,-179.1667,51.26,80,100,5.44,overcast clouds
477,Abu Kamal,SY,34.4506,40.9171,86.7,41,0,12.88,clear sky
478,North Bend,US,43.4065,-124.2243,75.24,94,100,8.05,mist
479,Teguise,ES,29.0605,-13.564,70.02,73,40,11.5,scattered clouds
480,Yaan,NG,7.3833,8.5667,70.59,98,100,6.67,light rain
481,Great Falls,US,47.5002,-111.3008,94.39,23,0,9.22,clear sky
482,Huejuquilla El Alto,MX,22.6,-103.8667,77.49,42,97,5.41,overcast clouds
483,North Adams,US,42.7009,-73.1087,80.13,45,20,8.05,few clouds
484,Binabalian,PH,16.4202,119.9279,81.21,79,97,3.18,overcast clouds
485,Zhaotong,CN,27.3167,103.7167,62.1,93,99,2.51,overcast clouds
486,Zhangjiakou,CN,40.81,114.8794,75.34,73,89,4.18,overcast clouds
487,Te Anau,NZ,-45.4167,167.7167,39.96,76,21,0.96,few clouds
488,Nyzhni Sirohozy,UA,46.8484,34.3804,77.77,46,97,12.62,light rain
489,Dekar,BW,-21.5333,21.9333,60.26,20,0,6.85,clear sky
490,Brooks,CA,50.5834,-111.8851,90.03,31,40,9.31,scattered clouds
491,Aranos,NA,-24.1333,19.1167,60.01,7,29,8.34,scattered clouds
492,Praia,CV,14.9215,-23.5087,79.34,78,20,12.66,few clouds
493,Mezen,RU,65.8522,44.24,56.97,97,66,9.82,broken clouds
494,Kiunga,PG,-6.1219,141.2906,73.49,99,100,2.55,overcast clouds
495,Camana,PE,-16.6228,-72.7111,61.68,79,53,4.94,broken clouds
496,Moberly,US,39.4184,-92.4382,90.43,48,0,4.61,clear sky
497,Zhangye,CN,38.9342,100.4517,80.53,55,1,1.01,clear sky
498,Luau,AO,-10.7073,22.2247,63.46,24,59,4.5,broken clouds
499,Kemptville,CA,45.0168,-75.641,75.45,56,0,7.61,clear sky
500,Cherskiy,RU,68.75,161.3,58.42,61,97,11.27,overcast clouds
501,Agarak,AM,39.2068,46.5446,65.41,75,2,2.37,clear sky
502,Port-Cartier,CA,50.0334,-66.8654,64.62,97,85,4.25,overcast clouds
503,Belle Fourche,US,44.6714,-103.8522,105.31,21,56,7.34,broken clouds
504,Grand Gaube,MU,-20.0064,57.6608,69.39,63,80,7.0,broken clouds
505,Yatou,CN,37.15,122.3833,75.79,87,22,3.76,few clouds
506,Half Moon Bay,US,37.4636,-122.4286,84.58,63,20,21.85,few clouds
507,Kivertsi,UA,50.8343,25.4582,62.91,95,69,6.98,broken clouds
508,Teguldet,RU,57.3064,88.1667,47.14,80,7,5.17,clear sky
509,Harrislee,DE,54.8,9.3833,62.1,87,5,5.75,clear sky
510,Kolokani,ML,13.5728,-8.0339,74.8,88,98,6.71,light rain
511,Beloslav,BG,43.1833,27.7,71.71,79,13,12.66,few clouds
512,Berdigestyakh,RU,62.0989,126.6992,65.25,73,35,2.53,scattered clouds
513,Bathsheba,BB,13.2167,-59.5167,83.01,78,40,13.8,scattered clouds
514,Kulhudhuffushi,MV,6.6221,73.07,80.89,82,77,13.2,broken clouds
515,Enid,US,36.3956,-97.8784,96.03,33,0,6.91,clear sky
516,Muli,MV,2.9167,73.5667,80.78,79,26,7.38,scattered clouds
517,Broome,US,42.2506,-75.833,77.54,51,40,16.11,scattered clouds
518,Nyuksenitsa,RU,60.4128,44.2397,59.61,72,100,9.04,overcast clouds
519,Longview,US,32.5007,-94.7405,97.05,39,40,8.05,scattered clouds
520,Port Augusta,AU,-32.5,137.7667,51.3,84,29,5.84,scattered clouds
521,Basoko,CD,1.2391,23.616,72.77,90,100,1.28,overcast clouds
522,Huanuco,PE,-9.9329,-76.2415,66.16,76,63,7.14,broken clouds
523,Gizo,SB,-8.103,156.8419,82.38,71,97,5.1,overcast clouds
524,Eisenerz,AT,47.5333,14.8833,55.44,73,96,2.19,overcast clouds
525,Pringsewu,ID,-5.3582,104.9744,73.31,98,28,2.46,scattered clouds
526,Canandaigua,US,42.8742,-77.288,77.05,48,1,3.0,clear sky
527,Buchanan,LR,5.8808,-10.0467,75.79,85,96,9.4,light rain
528,Tshikapa,CD,-6.4167,20.8,72.54,24,35,2.93,scattered clouds
529,Shediac,CA,46.2198,-64.5411,73.92,68,75,8.05,broken clouds
530,Mairana,BO,-18.1167,-63.9333,48.11,90,0,2.62,clear sky
531,Gumdag,TM,39.2061,54.5906,82.6,23,0,15.52,clear sky
532,Thaton,MM,16.9206,97.3714,74.37,95,100,5.44,moderate rain
533,Qandala,SO,11.472,49.8728,87.12,55,100,9.66,overcast clouds
534,Mildura,AU,-34.2,142.15,50.07,62,57,15.97,broken clouds
535,Vila Velha,BR,-20.3297,-40.2925,73.35,77,0,11.99,clear sky
536,Pingdu,CN,36.7844,119.9464,75.4,93,8,5.97,clear sky
537,Eyemouth,GB,55.8713,-2.0901,62.24,69,15,5.59,few clouds
538,Bonavista,CA,48.6499,-53.1147,57.65,86,94,10.92,overcast clouds
539,Kaeo,NZ,-35.1,173.7833,55.33,70,0,8.5,clear sky
540,Sitio Novo Do Tocantins,BR,-5.5183,-47.4611,83.39,32,37,2.71,scattered clouds
541,Laguna,US,38.421,-121.4238,98.08,24,0,8.05,clear sky
542,Hokitika,NZ,-42.7167,170.9667,47.12,53,6,1.7,clear sky
543,Mayaky,UA,47.4408,29.5599,64.6,75,76,7.4,broken clouds
544,Kirando,TZ,-7.4167,30.6,73.04,53,22,8.23,few clouds
545,Pahalgam,IN,34.0333,75.3333,59.95,89,85,1.77,overcast clouds
546,Mbeya,TZ,-8.9,33.45,52.2,75,65,6.76,broken clouds
547,Nyurba,RU,63.2842,118.3319,62.31,79,95,2.01,overcast clouds
548,Muros,ES,42.7762,-9.0603,66.09,90,33,1.03,scattered clouds
549,Ancud,CL,-41.8697,-73.8203,48.72,93,100,14.94,moderate rain
550,Zhigansk,RU,66.7697,123.3711,50.0,70,58,23.71,broken clouds
551,Anahuac,MX,27.2333,-100.15,101.35,25,68,10.31,broken clouds
552,Melendugno,IT,40.2747,18.3368,77.09,83,0,5.75,clear sky
553,Sorong,ID,-0.8833,131.25,77.79,87,75,6.17,broken clouds
554,Bandiagara,ML,14.3501,-3.6104,84.13,62,82,10.13,broken clouds
555,Port Blair,IN,11.6667,92.75,81.19,80,100,15.03,overcast clouds
556,Santa Isabel Do Rio Negro,BR,-0.4139,-65.0192,80.06,75,78,2.28,broken clouds
557,Teknaf,BD,20.8624,92.3058,77.65,91,99,2.93,light rain
558,Wadi Maliz,TN,36.4681,8.5495,80.26,68,0,2.13,clear sky
559,Echirolles,FR,45.1333,5.7167,76.48,54,15,4.27,few clouds
560,Tipuani,BO,-15.5648,-68.0185,68.94,84,2,0.49,clear sky
561,Jayanca,PE,-6.3908,-79.8219,76.28,62,57,11.1,broken clouds
562,Campina Verde,BR,-19.5356,-49.4864,61.63,53,0,5.39,clear sky
563,Carauari,BR,-4.8828,-66.8958,79.39,62,87,0.98,overcast clouds
564,Zhigalovo,RU,54.8097,105.1578,54.05,92,79,2.91,broken clouds
565,Marsh Harbour,BS,26.5412,-77.0636,82.85,69,0,11.54,clear sky
566,Balikpapan,ID,-1.2675,116.8289,77.99,100,20,2.3,few clouds
567,Beringovskiy,RU,63.05,179.3167,53.74,82,100,10.56,overcast clouds
568,Saint-Ambroise,CA,48.5501,-71.3324,70.12,68,52,10.31,broken clouds
569,Cockburn Town,TC,21.4612,-71.1419,81.91,76,11,18.72,few clouds
570,Progreso,MX,21.2833,-89.6667,82.11,78,73,12.12,broken clouds
571,Alexandria,EG,31.2156,29.9553,75.74,65,0,5.44,clear sky
572,Noumea,NC,-22.2763,166.4572,72.0,99,46,15.23,scattered clouds
573,Porto Novo,BJ,6.4965,2.6036,76.82,85,100,7.49,overcast clouds
574,Beliator,IN,23.3333,87.2167,76.78,90,94,3.74,overcast clouds
575,Sembe,CG,1.6481,14.5806,71.85,89,99,3.0,overcast clouds
576,Erdaojiang,CN,41.7764,126.0319,65.95,95,51,1.41,broken clouds
577,Beipiao,CN,41.7919,120.7792,72.37,83,99,3.18,overcast clouds
578,Port Macquarie,AU,-31.4333,152.9167,54.9,73,100,5.97,overcast clouds
579,Evensk,RU,61.95,159.2333,54.68,94,100,5.84,overcast clouds
580,Port-De-Bouc,FR,43.4,4.9833,79.02,73,0,3.44,clear sky
581,Haines Junction,CA,60.7522,-137.5108,60.19,75,100,4.16,overcast clouds
582,Bilma,NE,18.6853,12.9164,93.65,11,29,8.57,scattered clouds
583,Seoul,KR,37.5683,126.9778,74.59,94,20,1.14,few clouds
584,Ler,SS,8.3018,30.1418,70.11,97,99,2.59,overcast clouds
585,Kalia,BD,23.0396,89.6328,76.64,95,48,3.85,scattered clouds
586,Chiang Khong,TH,20.2613,100.4046,72.97,100,100,2.48,overcast clouds
587,Jijiga,ET,9.35,42.8,61.34,87,99,19.1,overcast clouds
588,Kenai,US,60.5544,-151.2583,62.69,89,100,13.8,light rain
589,Miri,MY,4.4148,114.0089,78.94,100,40,3.44,scattered clouds
590,Firsanovka,RU,55.9536,37.2408,60.73,77,0,4.47,clear sky
591,Sisimiut,GL,66.9395,-53.6735,42.67,85,87,5.95,overcast clouds
592,Bucerias,MX,20.75,-105.3333,87.98,74,75,11.5,broken clouds
593,Abdulino,RU,53.7,53.6667,58.41,74,88,6.91,overcast clouds
594,Snasa,NO,64.2457,12.3778,51.57,98,100,4.23,overcast clouds
595,Palanga,LT,55.9175,21.0686,57.22,94,70,3.44,broken clouds
596,Rafai,CF,4.95,23.9167,68.9,99,100,2.3,moderate rain
597,Richards Bay,ZA,-28.783,32.0377,70.18,68,3,16.55,clear sky
598,Boyolangu,ID,-8.1181,111.8935,74.05,95,78,0.36,broken clouds
599,Dublin,US,37.7021,-121.9358,90.23,49,0,13.8,clear sky
600,Marzuq,YE,14.4,46.4667,78.85,65,100,7.63,overcast clouds
601,Skjervoy,NO,70.0311,20.9714,53.6,81,100,41.29,light rain
602,Tuy Hoa,VN,13.0833,109.3,77.68,79,97,8.68,overcast clouds
603,Aykhal,RU,66.0,111.5,44.08,96,100,22.26,overcast clouds
604,Corrente,BR,-3.7367,-43.3394,78.46,70,30,6.31,scattered clouds
605,Kieta,PG,-6.2167,155.6333,82.63,70,100,1.63,overcast clouds
606,Imeni Poliny Osipenko,RU,52.4201,136.4853,56.16,92,100,5.32,overcast clouds
607,Coahuayana,MX,18.7333,-103.6833,83.55,80,97,4.74,overcast clouds
608,Dunedin,NZ,-45.8742,170.5036,43.61,64,4,4.16,clear sky
609,Tura,IN,25.5198,90.2201,73.2,93,23,5.23,few clouds
610,Areka,ET,7.0667,37.7,60.01,95,99,0.92,light rain
611,Lata,PT,40.1629,-8.3327,59.54,95,0,1.07,clear sky
612,Emilio Carranza,MX,19.9711,-96.6114,83.75,70,28,6.17,scattered clouds
613,Enzan,JP,35.7,138.7333,80.55,97,100,4.7,overcast clouds
614,Lebanon,US,36.2081,-86.2911,87.67,74,20,8.05,few clouds
615,Luba,GQ,3.4568,8.5547,76.89,88,100,6.35,light rain
616,Vavuniya,LK,8.7514,80.4971,77.38,85,96,7.94,overcast clouds
617,Fare,PF,-16.7,-151.0167,78.42,74,0,13.62,clear sky
618,Tupik,RU,54.4253,119.9327,56.39,94,100,0.83,overcast clouds
619,Noyabrsk,RU,63.1994,75.4507,51.55,67,91,11.48,overcast clouds
620,Matanzas,CU,23.0411,-81.5775,86.76,70,40,11.5,scattered clouds
621,Vangaindrano,MG,-23.35,47.6,65.14,87,84,4.54,light rain
622,Maniwaki,CA,46.3834,-75.966,65.08,58,11,9.95,few clouds
623,Krasnovishersk,RU,60.4078,57.082,52.57,95,98,3.27,overcast clouds
624,Passo De Camaragibe,BR,-9.2368,-35.4901,76.55,92,5,3.56,clear sky
625,Tilichiki,RU,60.4667,166.1,55.08,86,99,7.05,overcast clouds
626,Aitape,PG,-3.1374,142.3475,81.95,73,64,2.13,broken clouds
627,Tobermory,CA,45.2501,-81.6665,65.8,72,0,17.27,clear sky
628,Jizan,SA,17.3333,42.6667,81.54,72,92,6.85,overcast clouds
629,Danville,US,36.586,-79.395,81.09,84,20,5.75,few clouds
630,Damavand,IR,35.7178,52.065,69.1,39,0,3.44,clear sky
631,Clinton,US,42.587,-82.9199,77.85,56,20,16.11,few clouds
632,Cap Malheureux,MU,-19.9842,57.6142,69.48,65,79,7.0,broken clouds
633,Komyshuvakha,UA,47.7176,35.5288,80.56,39,100,18.86,overcast clouds
634,Borogontsy,RU,62.6683,131.1683,60.4,96,98,3.36,light rain
635,Jalu,LY,29.0331,21.5482,82.2,46,0,12.03,clear sky
636,Hervey Bay,AU,-25.2986,152.8535,61.02,94,100,11.99,overcast clouds
637,Ziyang,CN,29.2497,117.8547,82.62,75,84,1.05,broken clouds
638,Kamenka,RU,51.3223,42.7678,66.63,80,66,7.74,broken clouds
639,Tadine,NC,-21.55,167.8833,70.72,55,5,17.05,clear sky
640,Sakaiminato,JP,35.55,133.2333,82.33,89,75,5.75,broken clouds
641,Sibu,MY,2.3,111.8167,79.11,88,40,2.3,scattered clouds
642,Novyy Urengoy,RU,66.0833,76.6333,57.36,55,100,12.33,overcast clouds
643,Casablanca,MA,33.5928,-7.6192,73.62,79,49,7.56,scattered clouds
644,Karratha,AU,-20.7377,116.8463,63.1,24,13,19.69,few clouds
645,Loukhi,RU,66.0764,33.0381,54.84,67,66,9.22,broken clouds
646,Ryotsu,JP,38.0833,138.4333,80.26,81,100,6.69,overcast clouds
647,Healdsburg,US,38.6105,-122.8692,95.31,36,0,10.36,clear sky
648,High Level,CA,58.5169,-117.136,60.91,63,75,3.44,broken clouds
649,Gazanjyk,TM,39.2446,55.5154,81.36,24,0,11.68,clear sky
650,Puerto Madryn,AR,-42.7692,-65.0385,52.3,60,13,8.52,few clouds
651,Kefamenanu,ID,-9.4467,124.4781,72.07,90,81,4.32,broken clouds
652,Vaitape,PF,-16.5167,-151.75,78.44,75,10,14.56,clear sky
653,Bukama,CD,-9.2,25.85,70.61,31,78,2.66,broken clouds
654,Sola,VU,-13.8833,167.55,77.41,72,99,26.91,overcast clouds
655,Phan Thiet,VN,10.9333,108.1,75.11,90,52,5.55,broken clouds
656,Eureka,US,40.8021,-124.1637,76.68,74,12,8.01,few clouds
657,Sinnamary,GF,5.3833,-52.95,79.54,79,30,7.4,scattered clouds
658,Kyzyl,RU,51.7,94.45,61.84,79,94,1.7,overcast clouds
659,Amga,RU,60.8953,131.9608,57.09,88,100,1.32,light rain
660,Santa Vitoria Do Palmar,BR,-33.5189,-53.3681,53.64,87,19,6.04,few clouds
661,Utmanzai,PK,34.188,71.7629,79.41,87,88,5.79,overcast clouds
662,Kashi,CN,39.4547,75.9797,79.81,31,75,13.42,broken clouds
663,Tateyama,JP,34.9833,139.8667,83.1,82,95,18.88,overcast clouds
664,Mongoumba,CF,3.6415,18.5936,71.11,95,100,2.68,overcast clouds
665,Aloleng,PH,16.1307,119.7824,81.03,80,99,3.38,overcast clouds
666,Carutapera,BR,-1.195,-46.02,78.01,80,72,9.06,broken clouds
667,Sampit,ID,-2.5333,112.95,74.32,94,57,1.77,broken clouds
668,Sciacca,IT,37.5082,13.0881,76.46,69,28,3.31,scattered clouds
669,Zinder,NE,13.8072,8.9881,79.27,69,64,12.64,broken clouds
670,Taklisah,TN,36.7833,10.6333,79.54,72,0,4.12,clear sky
671,Kichera,RU,55.9375,110.0997,57.85,73,20,0.6,few clouds
672,Lingao,CN,19.9103,109.6859,78.87,90,99,8.81,overcast clouds
673,Arak,IR,34.0917,49.6892,73.33,32,0,2.26,clear sky
674,Yining,CN,29.0361,114.5636,80.71,74,96,2.01,overcast clouds
675,Zabid,YE,14.1951,43.3152,82.04,77,100,10.31,overcast clouds
676,Mint Hill,US,35.1796,-80.6473,83.8,73,0,8.05,clear sky
677,Hobyo,SO,5.3505,48.5268,76.05,75,35,23.51,scattered clouds
678,Rio Gallegos,AR,-51.6226,-69.2181,35.65,87,0,6.91,clear sky
679,Acaponeta,MX,22.4964,-105.3594,92.41,53,86,10.78,overcast clouds
680,Hirara,JP,24.8,125.2833,82.26,94,75,2.3,broken clouds
681,Puttur,IN,12.7667,75.2167,77.11,85,97,6.44,overcast clouds
682,Hailey,US,43.5196,-114.3153,91.89,36,0,10.36,clear sky
683,Coihaique,CL,-45.5752,-72.0662,44.55,76,75,6.91,broken clouds
684,Ocean City,US,39.2776,-74.5746,88.05,76,100,4.0,overcast clouds
